<?xml version="1.0" encoding="utf-8"?>
<LinearLayout xmlns:android="http://schemas.android.com/apk/res/android"
    xmlns:app="http://schemas.android.com/apk/res-auto"
    xmlns:tools="http://schemas.android.com/tools"
    android:layout_width="match_parent"
    android:layout_height="match_parent"
    android:backgroundTint="#FFFFFF"
    android:orientation="vertical"
    tools:context=".MainActivity">

    <LinearLayout
        android:layout_width="match_parent"
        android:layout_height="wrap_content"
        android:layout_weight="1"
        android:orientation="horizontal">
        <LinearLayout
            android:layout_width="0dp"
            android:layout_height="match_parent"
            android:layout_weight="1">
            <TextView
                android:layout_width="match_parent"
                android:layout_height="30dp"
                android:layout_gravity="center"
                android:layout_marginLeft="10dp"
                android:background="#FFFFFF"
                android:text="아이디"
                android:textColor="#C5C5C5"
                android:textSize="20dp">
            </TextView>
        </LinearLayout>
        <LinearLayout
            android:layout_width="0dp"
            android:layout_height="match_parent"
            android:layout_weight="1">
            <EditText
                android:id="@+id/id"
                android:layout_width="wrap_content"
                android:layout_height="50dp"
                android:layout_gravity="center"
                android:inputType="textPersonName"
                android:text="아이디 입력부분           " />
        </LinearLayout>

    </LinearLayout>
    <LinearLayout
        android:layout_width="match_parent"
        android:layout_height="wrap_content"
        android:layout_weight="1"
        android:orientation="horizontal">
        <LinearLayout
            android:layout_width="0dp"
            android:layout_height="match_parent"
            android:layout_weight="1">
            <TextView
                android:layout_width="match_parent"
                android:layout_height="30dp"
                android:layout_gravity="center"
                android:layout_marginLeft="10dp"
                android:background="#FFFFFF"
                android:text="비밀번호"
                android:textColor="#C5C5C5"
                android:textSize="20dp">
            </TextView>
        </LinearLayout>
        <LinearLayout
            android:layout_width="0dp"
            android:layout_height="match_parent"
            android:layout_weight="1">
            <EditText
                android:id="@+id/pw"
                android:layout_width="wrap_content"
                android:layout_height="50dp"
                android:layout_gravity="center"
                android:inputType="textPersonName"
                android:text="비밀번호 입력부분       " />
        </LinearLayout>

    </LinearLayout><LinearLayout
    android:layout_width="match_parent"
    android:layout_height="wrap_content"
    android:layout_weight="1"
    android:orientation="horizontal">
    <LinearLayout
        android:layout_width="0dp"
        android:layout_height="match_parent"
        android:layout_weight="1">
        <TextView
            android:layout_width="match_parent"
            android:layout_height="30dp"
            android:layout_gravity="center"
            android:layout_marginLeft="10dp"
            android:background="#FFFFFF"
            android:text="이름"
            android:textColor="#C5C5C5"
            android:textSize="20dp">
        </TextView>
    </LinearLayout>
    <LinearLayout
        android:layout_width="0dp"
        android:layout_height="match_parent"
        android:layout_weight="1">
        <EditText
            android:id="@+id/name"
            android:layout_width="wrap_content"
            android:layout_height="50dp"
            android:layout_gravity="center"
            android:inputType="textPersonName"
            android:text="이름 입력부분               " />
    </LinearLayout>

</LinearLayout><LinearLayout
    android:layout_width="match_parent"
    android:layout_height="wrap_content"
    android:layout_weight="1"
    android:orientation="horizontal">
    <LinearLayout
        android:layout_width="0dp"
        android:layout_height="match_parent"
        android:layout_weight="1">
        <TextView
            android:layout_width="match_parent"
            android:layout_height="30dp"
            android:layout_gravity="center"
            android:layout_marginLeft="10dp"
            android:background="#FFFFFF"
            android:text="나이"
            android:textColor="#C5C5C5"
            android:textSize="20dp">
        </TextView>
    </LinearLayout>
    <LinearLayout
        android:layout_width="0dp"
        android:layout_height="match_parent"
        android:layout_weight="1">
        <EditText
            android:id="@+id/age"
            android:layout_width="wrap_content"
            android:layout_height="50dp"
            android:layout_gravity="center"
            android:inputType="textPersonName"
            android:text="나이 입력부분               " />
    </LinearLayout>

</LinearLayout><LinearLayout
    android:layout_width="match_parent"
    android:layout_height="wrap_content"
    android:layout_weight="1"
    android:orientation="horizontal">
    <LinearLayout
        android:layout_width="0dp"
        android:layout_height="match_parent"
        android:layout_weight="1">
        <TextView
            android:layout_width="match_parent"
            android:layout_height="30dp"
            android:layout_gravity="center"
            android:layout_marginLeft="10dp"
            android:background="#FFFFFF"
            android:text="주소"
            android:textColor="#C5C5C5"
            android:textSize="20dp">
        </TextView>
    </LinearLayout>
    <LinearLayout
        android:layout_width="0dp"
        android:layout_height="match_parent"
        android:layout_weight="1">
        <EditText
            android:id="@+id/addr"
            android:layout_width="wrap_content"
            android:layout_height="50dp"
            android:layout_gravity="center"
            android:inputType="textPersonName"
            android:text="주소 입력부분               " />
    </LinearLayout>

</LinearLayout>
    <LinearLayout
    android:layout_width="match_parent"
    android:layout_height="wrap_content"
    android:layout_weight="1"
    android:orientation="horizontal">
    <LinearLayout
        android:layout_width="0dp"
        android:layout_height="match_parent"
        android:layout_weight="1">
        <TextView
            android:layout_width="match_parent"
            android:layout_height="30dp"
            android:layout_gravity="center"
            android:layout_marginLeft="10dp"
            android:background="#FFFFFF"
            android:text="닉네임"
            android:textColor="#C5C5C5"
            android:textSize="20dp">
        </TextView>
    </LinearLayout>
    <LinearLayout
        android:layout_width="0dp"
        android:layout_height="match_parent"
        android:layout_weight="1">
        <EditText
            android:id="@+id/nick"
            android:layout_width="wrap_content"
            android:layout_height="50dp"
            android:layout_gravity="center"
            android:inputType="textPersonName"
            android:text="닉네임 입력부분           " />
    </LinearLayout>
</LinearLayout>
    <LinearLayout
        android:layout_width="match_parent"
        android:layout_height="wrap_content"
        android:layout_weight="1">
        <Button
            android:id="@+id/btn1"
            android:layout_width="match_parent"
            android:layout_height="wrap_content"
            android:layout_gravity="center"
            android:layout_margin="20dp"
            android:text="회원가입">
        </Button>
    </LinearLayout>
</LinearLayout>