<?xml version="1.0" encoding="utf-8"?>
<LinearLayout xmlns:android="http://schemas.android.com/apk/res/android"
    xmlns:app="http://schemas.android.com/apk/res-auto"
    xmlns:tools="http://schemas.android.com/tools"
    android:layout_width="match_parent"
    android:layout_height="match_parent"
    tools:context=".MainActivity"
    android:orientation="vertical"
    >

    <LinearLayout
        android:layout_width="match_parent"
        android:layout_height="0dp"
        android:layout_weight="1"
        android:background="#555555">

        <TextView
            android:layout_width="wrap_content"
            android:layout_height="50dp"
            android:text="My10_1InetstTest"
            android:textColor="@color/white"
            android:textSize="30dp"
            android:layout_margin="15dp">
        </TextView>
    </LinearLayout>




    <LinearLayout
        android:layout_width="match_parent"
        android:layout_height="0dp"
        android:layout_weight="7"
        android:background="@color/white"
        android:orientation="vertical"
        android:weightSum="6">
        <LinearLayout
            android:layout_width="match_parent"
            android:layout_height="0dp"
            android:layout_weight="1"
            android:orientation="horizontal"
            android:weightSum="2">
            <TextView
                android:layout_width="0dp"
                android:layout_height="match_parent"
                android:layout_weight="1"
                android:text="아이디"
                android:layout_marginVertical="32dp"
                android:layout_marginLeft="20dp">
            </TextView>
            <EditText
                android:id="@+id/id"
                android:layout_width="0dp"
                android:layout_height="match_parent"
                android:layout_weight="1"
                android:hint="아이디 입력부분"
                android:layout_marginVertical="20dp">
            </EditText>
        </LinearLayout>
        <LinearLayout
            android:layout_width="match_parent"
            android:layout_height="0dp"
            android:layout_weight="1"
            android:orientation="horizontal"
            android:weightSum="2">
            <TextView
                android:layout_width="0dp"
                android:layout_height="match_parent"
                android:layout_weight="1"
                android:text="비밀번호"
                android:layout_marginVertical="32dp"
                android:layout_marginLeft="20dp">
            </TextView>
            <EditText
                android:id="@+id/pw"
                android:layout_width="0dp"
                android:layout_height="match_parent"
                android:layout_weight="1"
                android:hint="비밀번호 입력부분"
                android:layout_marginVertical="20dp">
            </EditText>
        </LinearLayout>
        <LinearLayout
            android:layout_width="match_parent"
            android:layout_height="0dp"
            android:layout_weight="1"
            android:orientation="horizontal"
            android:weightSum="2">
            <TextView
                android:layout_width="0dp"
                android:layout_height="match_parent"
                android:layout_weight="1"
                android:text="이름"
                android:layout_marginVertical="32dp"
                android:layout_marginLeft="20dp">
            </TextView>
            <EditText
                android:id="@+id/name"
                android:layout_width="0dp"
                android:layout_height="match_parent"
                android:layout_weight="1"
                android:hint="이름 입력부분"
                android:layout_marginVertical="20dp">
            </EditText>
        </LinearLayout>
        <LinearLayout
            android:layout_width="match_parent"
            android:layout_height="0dp"
            android:layout_weight="1"
            android:orientation="horizontal"
            android:weightSum="2">
            <TextView
                android:layout_width="0dp"
                android:layout_height="match_parent"
                android:layout_weight="1"
                android:text="나이"
                android:layout_marginVertical="32dp"
                android:layout_marginLeft="20dp">
            </TextView>
            <EditText
                android:id="@+id/age"
                android:layout_width="0dp"
                android:layout_height="match_parent"
                android:layout_weight="1"
                android:inputType=""
                android:hint="나이 입력부분"
                android:layout_marginVertical="20dp">
            </EditText>
        </LinearLayout>
        <LinearLayout
            android:layout_width="match_parent"
            android:layout_height="0dp"
            android:layout_weight="1"
            android:orientation="horizontal"
            android:weightSum="2">
            <TextView
                android:layout_width="0dp"
                android:layout_height="match_parent"
                android:layout_weight="1"
                android:text="주소"
                android:layout_marginVertical="32dp"
                android:layout_marginLeft="20dp">
            </TextView>
            <EditText
                android:id="@+id/addr"
                android:layout_width="0dp"
                android:layout_height="match_parent"
                android:layout_weight="1"
                android:hint="주소 입력부분"
                android:layout_marginVertical="20dp">
            </EditText>
        </LinearLayout>
        <LinearLayout
            android:layout_width="match_parent"
            android:layout_height="0dp"
            android:layout_weight="1"
            android:orientation="horizontal"
            android:weightSum="2">
            <TextView
                android:layout_width="0dp"
                android:layout_height="match_parent"
                android:layout_weight="1"
                android:text="닉네임"
                android:layout_marginVertical="32dp"
                android:layout_marginLeft="20dp">
            </TextView>
            <EditText
                android:id="@+id/nickname"
                android:layout_width="0dp"
                android:layout_height="match_parent"
                android:layout_weight="1"
                android:hint="닉네임 입력부분"
                android:layout_marginVertical="20dp">
            </EditText>
        </LinearLayout>

    </LinearLayout>

    <LinearLayout
        android:layout_width="match_parent"
        android:layout_height="0dp"
        android:layout_weight="2"
        >
        <Button
            android:id="@+id/submitbtn"
            android:layout_width="350dp"
            android:layout_height="50dp"
            android:layout_marginHorizontal="30dp"
            android:layout_marginVertical="40dp"
            android:text="회원가입">
        </Button>
    </LinearLayout>




</LinearLayout>


